{
  "version": "7",
  "dialect": "sqlite",
  "entries": [
    {
      "idx": 0,
      "version": "6",
      "when": 1761774766442,
      "tag": "0000_abandoned_menace",
      "breakpoints": true
    },
    {
      "idx": 1,
      "version": "6",
      "when": 1761778235600,
      "tag": "0001_clumsy_mariko_yashida",
      "breakpoints": true
    },
    {
      "idx": 2,
      "version": "6",
      "when": 1761780570268,
      "tag": "0002_broken_talkback",
      "breakpoints": true
    },
    {
      "idx": 3,
      "version": "6",
      "when": 1761781330221,
      "tag": "0003_square_arclight",
      "breakpoints": true
    },
    {
      "idx": 4,
      "version": "6",
      "when": 1761781994558,
      "tag": "0004_cuddly_black_cat",
      "breakpoints": true
    }
  ]
}